Названия	Типы	Категории	Регионы, области	Населенные пункты	Адреса	Округа, районы	Филиалов	Индексы	Мобильные телефоны	Городские телефоны	Email-адреса	Сайты	Вконтакте	Одноклассники	WhatsApp	Viber	YouTube	Telegram	Twitter	Дата парсинга
#не_формат	студия красоты	Красота / Парикмахерские ,Образование / Дополнительное образование / Обучение мастеров салонов красоты	Алтайский край	Барнаул	Улица Шумакова, 32	Барнаул городской округ, Индустриальный район	1	656058	79994002744						https://wa.me/79994002744					04.01.2025 21:14
21 век	салон красоты	Красота / Услуги косметолога ,Красота / Парикмахерские ,Красота / Перманентный макияж ,Красота / Услуги пирсинга ,Красота / Студии загара	Алтайский край	Барнаул	Молодёжная улица, 40	Барнаул городской округ, Железнодорожный район	2	656015	79132322251, 79237218903	73852623564			https://vk.com/id391492646							06.01.2025 8:43
21 век	салон красоты	Красота / Парикмахерские	Алтайский край	Барнаул	Улица Георгиева, 12	Барнаул городской округ, Индустриальный район	2	656057	79612386907											04.01.2025 21:17
360	студия красоты	Красота / Студии маникюра и педикюра ,Красота / Парикмахерские ,Красота / Услуги визажиста ,Красота / Уход за бровями, ресницами	Алтайский край	Барнаул	Балтийская улица, 103	Барнаул городской округ, Индустриальный район	1	656070		73852390360					https://wa.me/79530350360					08.01.2025 4:19
7-я	парикмахерская эконом-класса	Красота / Парикмахерские ,Красота / Уход за бровями, ресницами	Алтайский край	Барнаул	Антона Петрова, 235	Барнаул городской округ, Индустриальный район	1	656065	79836092490											08.01.2025 16:02
757 pm studio	студия красоты	Красота / Парикмахерские ,Красота / Услуги визажиста ,Красота / Перманентный макияж	Алтайский край	Барнаул	Павловский тракт, 299	Барнаул городской округ, Индустриальный район	1	656070	79647771400				https://vk.com/toppm757		https://wa.me/79647771400			https://t.me/pm_studio757		05.01.2025 15:29
8	салон красоты	Красота / Парикмахерские ,Красота / Уход за бровями, ресницами ,Красота / Услуги визажиста ,Образование / Дополнительное образование / Обучение мастеров салонов красоты	Алтайский край	Барнаул	Переулок Ядринцева, 95	Барнаул городской округ, Центральный район	1	656031	79039918898				https://vk.com/salon_krasoty_8		https://wa.me/79039918898			https://t.me/+79039918898		07.01.2025 23:52
8А	студия красоты	Красота / Студии маникюра и педикюра ,Красота / Парикмахерские	Алтайский край	Барнаул	Новосибирская улица, 8а	Барнаул городской округ, Индустриальный район	1	656922	79833540894						https://wa.me/79833540894					07.01.2025 8:40
A.Dikonstydio	студия короткой стрижки	Красота / Парикмахерские ,Образование / Дополнительное образование / Обучение мастеров салонов красоты	Алтайский край	Барнаул	Павловский тракт, 162	Барнаул городской округ, Индустриальный район	1	656065	79059245878				https://vk.com/club227219334		https://wa.me/79059245878			https://t.me/+79059245878		04.01.2025 19:49
Abramova_Exchange	студия реконструкции волос	Красота / Парикмахерские ,Образование / Дополнительное образование / Обучение мастеров салонов красоты	Алтайский край	Барнаул	Сиреневая, 23 к1	Барнаул городской округ, Индустриальный район	1	656067	79124241759				https://vk.com/valeriya_abramovaa		https://wa.me/79124241759					07.01.2025 2:37
Afhair	салон	Красота / Парикмахерские	Алтайский край	Барнаул	Советская, 6в	Барнаул городской округ, Октябрьский район	1	656002	79831819099			taplink.cc/system/challenge.html	https://vk.com/hair_long		https://wa.me/79831819099					04.01.2025 18:23
Afroboom		Красота / Парикмахерские ,Образование / Дополнительное образование / Обучение мастеров салонов красоты	Алтайский край	Барнаул	Взлётная, 29	Барнаул городской округ, Индустриальный район	1	656006	79238000093				https://vk.com/club212854282					https://t.me/+79505964744		08.01.2025 19:53
Afrostyle	салон по плетению афропричесок	Красота / Парикмахерские	Алтайский край	Барнаул	Балтийская улица, 105	Барнаул городской округ, Индустриальный район	1	656070	79130295435						https://wa.me/79130295435					04.01.2025 6:06
Alexa	территория красоты и ухода	Красота / Студии маникюра и педикюра ,Красота / Услуги косметолога ,Красота / Уход за бровями, ресницами ,Красота / Эпиляция ,Красота / Парикмахерские	Алтайский край	Барнаул	Улица Шумакова, 47	Барнаул городской округ, Индустриальный район	1	656058	79132623809, 79835541016						https://wa.me/79132623809					05.01.2025 2:13
AlexArt	студия красоты	Красота / Парикмахерские ,Красота / Услуги массажиста	Алтайский край	Барнаул	Молодёжная улица, 68	Барнаул городской округ, Железнодорожный район	1	656031	79236455591, 79588478493, 79833993877						https://wa.me/79833993877					07.01.2025 10:31
Alice	парикмахерская	Красота / Парикмахерские	Алтайский край	Барнаул	Сергея Семёнова улица, 27 к2	Барнаул городской округ, Индустриальный район	1	656065	79231651236											05.01.2025 9:46
Amrita	студия красоты	Красота / Студии маникюра и педикюра ,Красота / Эпиляция ,Красота / Услуги массажиста ,Красота / Уход за бровями, ресницами ,Красота / Парикмахерские	Алтайский край	Барнаул	Улица Деповская, 10	Барнаул городской округ, Железнодорожный район	1	656015	79132788684				https://vk.com/amrita_studio		https://wa.me/79132788684					05.01.2025 9:54
Angel Hair	салон наращивания волос	Красота / Парикмахерские	Алтайский край	Барнаул	Сиреневая, 33	Барнаул городской округ, Индустриальный район	1	656067	79967002950						https://wa.me/79967002950					08.01.2025 3:56
Angelina.prokeratin		Красота / Парикмахерские ,Образование / Дополнительное образование / Обучение мастеров салонов красоты	Алтайский край	Барнаул	Проспект Ленина, 195	Барнаул городской округ, Октябрьский район	1	656010	79833573896				https://vk.com/club222614889		https://wa.me/79833573896					07.01.2025 5:36
Ani_hair	студия наращивания волос	Красота / Парикмахерские	Алтайский край	Барнаул	Максима Горького, 22а	Барнаул городской округ, Центральный район	1	656056	79130225629						https://wa.me/79130225629					04.01.2025 11:58
Anoris	студия красоты	Красота / Студии маникюра и педикюра ,Красота / Парикмахерские ,Красота / Уход за бровями, ресницами	Алтайский край	Барнаул	Павловский тракт, 243	Барнаул городской округ, Индустриальный район	1	656066	79132742641				https://vk.com/anoris_zonabeauty		https://wa.me/79132742641			https://t.me/+79132742641		05.01.2025 1:01
Armstar beauty	студия красоты	Красота / Студии маникюра и педикюра ,Красота / Парикмахерские ,Красота / Услуги визажиста ,Красота / Перманентный макияж ,Красота / Уход за бровями, ресницами	Алтайский край	Барнаул	Северный Власихинский проезд, 96	Барнаул городской округ, Индустриальный район	1	656067	79130828889, 79132129150				https://vk.com/armstarbeauty		https://wa.me/79132129150			https://t.me/+79130828889		04.01.2025 5:56
Art style	студия красоты	Красота / Студии маникюра и педикюра ,Красота / Парикмахерские ,Красота / Перманентный макияж ,Красота / Уход за бровями, ресницами	Алтайский край	Барнаул	Улица Солнечная Поляна, 21	Барнаул городской округ, Ленинский район	1	656060	79130200913, 79130215584, 79833883626						https://wa.me/79130215584					07.01.2025 17:36
Ash	бьюти-студия	Красота / Студии маникюра и педикюра ,Красота / Парикмахерские	Алтайский край	Барнаул	Полярная, 36а	Барнаул городской округ, Железнодорожный район	1	656037	79635352138						https://wa.me/79635352138			https://t.me/+79635352138		05.01.2025 2:31
Aura	студия красоты	Красота / Студии маникюра и педикюра ,Красота / Парикмахерские	Алтайский край	Барнаул	Брестская, 20	Барнаул городской округ, Железнодорожный район	1	656015	79231667877	73852560320	studia-aura@mail.ru				https://wa.me/79231667877			https://t.me/+79231667877		05.01.2025 18:22
Aurum	парикмахерская	Красота / Студии маникюра и педикюра ,Красота / Парикмахерские ,Красота / Уход за бровями, ресницами	Алтайский край	Барнаул	Советской Армии, 48	Барнаул городской округ, Железнодорожный район	1	656039	79130999426, 79231621852, 79635732426, 79836091565											07.01.2025 20:13
AV color hair	студия окрашивания, реконструкции и ухода за волосами	Красота / Парикмахерские	Алтайский край	Барнаул	Павловский тракт, 54Б	Барнаул городской округ, Железнодорожный район	1	656064	79836004182			taplink.cc/alena_vasileva_colorist			https://wa.me/79836004182			https://t.me/alena_vasileva_colorist		08.01.2025 20:55
Avenue	студия красоты	Красота / Студии маникюра и педикюра ,Красота / Услуги косметолога ,Красота / Парикмахерские	Алтайский край	Барнаул	Балтийская улица, 50	Барнаул городской округ, Индустриальный район	1	656058	79293994505						https://wa.me/79293994505					05.01.2025 6:23
Bagira	студия красивых волос	Красота / Парикмахерские	Алтайский край	Барнаул	Полярная, 3в	Барнаул городской округ, Железнодорожный район	1	656037	79039951043						https://wa.me/79039951043					06.01.2025 0:08
